title,atu,culture,author,source_page,sources,n_sources
The Aet-kanda Lēniyā,,,,,ceylon_harvested,1
The Affectionate Prince,,,,,ceylon_harvested,1
The Ant Story,,,,,ceylon_harvested,1
The Ascetic and the Jackal,,,,,ceylon_harvested,1
The Ash-Pumpkin Fruit Prince,,,,,ceylon_harvested,1
The Assistance which the Snake gave,,,,,ceylon_harvested,1
The Black Storks’ Girl,,,,,ceylon_harvested,1
The Boy who went to learn the Sciences,,,,,ceylon_harvested,1
The Cat who guarded the Precepts,,,,,ceylon_harvested,1
The Cobra and the Polan̆gā,,,,,ceylon_harvested,1
Concerning a Bear and the Queen,,,,,ceylon_harvested,1
Concerning a Horse,,,,,ceylon_harvested,1
Concerning a Man and Two Yakās,,,,,ceylon_harvested,1
Concerning a Monk and a Yakā,,,,,ceylon_harvested,1
Concerning a Prince and a Kinnara Woman,,,,,ceylon_harvested,1
Concerning a Royal Prince and a Princess,,,,,ceylon_harvested,1
Concerning a Royal Princess and a Turtle,,,,,ceylon_harvested,1
Concerning a Royal Princess and Two Thieves,,,,,ceylon_harvested,1
Concerning a Vaeddā and a Bride,,,,,ceylon_harvested,1
Concerning Four Friends,,,,,ceylon_harvested,1
Concerning the Blind-Eyed Man,,,,,ceylon_harvested,1
Concerning the Crows and the Owls,,,,,ceylon_harvested,1
Concerning the Friendship of the Hare and the Parrot,,,,,ceylon_harvested,1
Concerning the Golden Peacock,,,,,ceylon_harvested,1
Concerning the Heṭṭi Man’s Son,,,,,ceylon_harvested,1
Concerning the Prince and the Princess who was Sold,,,,,ceylon_harvested,1
Concerning the Prince with his Life in his Sword,,,,,ceylon_harvested,1
Concerning Two Friends,,,,,ceylon_harvested,1
The Crab and the Frog,,,,,ceylon_harvested,1
The Crocodile and the Jackal,,,,,ceylon_harvested,1
The Crocodile’s Wedding,,,,,ceylon_harvested,1
The Crow and the Darter,,,,,ceylon_harvested,1
The Decoction of Eight Nelli Fruits,,,,,ceylon_harvested,1
The Deer and its Friends,,,,,ceylon_harvested,1
The Destiny Prince,,,,,ceylon_harvested,1
The Elephant-Fool,,,,,ceylon_harvested,1
The Elephant Guard,,,,,ceylon_harvested,1
The Faithless Princess,,,,,ceylon_harvested,1
The False Tale,,,,,ceylon_harvested,1
The Female Fowl Thief,,,,,ceylon_harvested,1
The Female Lark,,,,,ceylon_harvested,1
The Female Quail,,,,,ceylon_harvested,1
The Five Lies quite like Truth,,,,,ceylon_harvested,1
The Foolish Bird,,,,,ceylon_harvested,1
The Foolish Man,,,,,ceylon_harvested,1
The Foolish Prince,,,,,ceylon_harvested,1
The Foolish Youth,,,,,ceylon_harvested,1
The Fortunate Boy,,,,,ceylon_harvested,1
The Four Deaf Persons,,,,,ceylon_harvested,1
The Four-faced King and the Turtle,,,,,ceylon_harvested,1
The Four Rākshasas,,,,,ceylon_harvested,1
The Four Tom-tom Beaters,,,,,ceylon_harvested,1
The Frightened Yakā,,,,,ceylon_harvested,1
The Frog in the Queen’s Nose,,,,,ceylon_harvested,1
The Frog Jacket,,,,,ceylon_harvested,1
The Frog Prince,,,,,ceylon_harvested,1
The Gamarāla and the Cock,,,,,ceylon_harvested,1
The Gamarāla and the Washerman,,,,,ceylon_harvested,1
The Gamarāla’s Cakes,,,,,ceylon_harvested,1
The Gamarāla’s Daughter,,,,,ceylon_harvested,1
The Gamarāla’s Foolish Son,,,,,ceylon_harvested,1
The Gamarāla’s Girl,,,,,ceylon_harvested,1
The Gamarāla’s Son-in-law,,,,,ceylon_harvested,1
The Gamarāla who ate Black Fowls’ Flesh and Hīn-aeṭi Rice,,,,,ceylon_harvested,1
The Gamarāla who went to the God-World,,,,,ceylon_harvested,1
Gampolayā and Raehigamayā,,,,,ceylon_harvested,1
The Gem-set Ring,,,,,ceylon_harvested,1
The Gem Yaksanī,,,,,ceylon_harvested,1
The Giant and his Two Friends,,,,,ceylon_harvested,1
A Girl and a Step-mother,,,,,ceylon_harvested,1
"The Girl, the Monk, and the Leopard",,,,,ceylon_harvested,1
The Glass Princess,,,,,ceylon_harvested,1
Goḷu Bayiyæ Kathāwa,,,,,ceylon_harvested,1
The Golden Kaekiri Fruit,,,,,ceylon_harvested,1
The Golden Oriole,,,,,ceylon_harvested,1
The Golden Tree,,,,,ceylon_harvested,1
The Gourd Fruit Devil-Dance,,,,,ceylon_harvested,1
The Grateful Jackal,,,,,ceylon_harvested,1
The Greedy Palm-cat,,,,,ceylon_harvested,1
The Heron and the Crab,,,,,ceylon_harvested,1
Hiṭihāmi the Giant,,,,,ceylon_harvested,1
Holman Pissā,,,,,ceylon_harvested,1
The Horikaḍayā Story,,,,,ceylon_harvested,1
How a Girl took Gruel,,,,,ceylon_harvested,1
How a Jackal settled a Lawsuit.,,,,,ceylon_harvested,1
How a Man Charmed a Thread,,,,,ceylon_harvested,1
"How a Prince was chased by a Yaksanī, and what befel",,,,,ceylon_harvested,1
How a Rākshasa Turned Men and Bulls into Stone,,,,,ceylon_harvested,1
How a Tom-tom Beater got a Marriage from a Gamarāla,,,,,ceylon_harvested,1
How a Woman ate Cooked Rice by Stealth,,,,,ceylon_harvested,1
How a Woman became a Lapwing,,,,,ceylon_harvested,1
How a Woman Offered Cakes,,,,,ceylon_harvested,1
How a Yakā and a Man fought,,,,,ceylon_harvested,1
How Gourds were put in Small-Mouthed Pots,,,,,ceylon_harvested,1
How Mārayā was put in the Bottle,,,,,ceylon_harvested,1
How the Beggar and the King gambled,,,,,ceylon_harvested,1
How the Boars killed the Rākshasa,,,,,ceylon_harvested,1
How the Daughter-in-law got the Masuran,,,,,ceylon_harvested,1
How the Foolish Man became King,,,,,ceylon_harvested,1
How the Gamarāla drove away the Lion,,,,,ceylon_harvested,1
How the Gardener became King,,,,,ceylon_harvested,1
How the Kaḍambāwa Men counted Themselves,,,,,ceylon_harvested,1
How the Nāgayā became the Princess,,,,,ceylon_harvested,1
How the Parrot explained the Law-suit,,,,,ceylon_harvested,1
How the Poor Man became Wealthy,,,,,ceylon_harvested,1
How the Poor Prince became King,,,,,ceylon_harvested,1
How the Rice and Curry became Raw,,,,,ceylon_harvested,1
How the Son-in-law Cut the Chena,,,,,ceylon_harvested,1
How they formerly Ate and Drank,,,,,ceylon_harvested,1
How they killed the Great-bellied Tambi,,,,,ceylon_harvested,1
The Hunchback Tale,,,,,ceylon_harvested,1
Iṭi Aśwayā,,,,,ceylon_harvested,1
Ibi Kumārayā,,,,,ceylon_harvested,1
The Invisible Silk Robe,,,,,ceylon_harvested,1
The Jackal and the Brāhmaṇa,,,,,ceylon_harvested,1
The Jackal and the Gamarāla,,,,,ceylon_harvested,1
The Jackal and the Hare,,,,,ceylon_harvested,1
The Jackal and the Leopard,,,,,ceylon_harvested,1
The Jackal and the Turtle,,,,,ceylon_harvested,1
The Jackal Dēvatāwā,,,,,ceylon_harvested,1
The Jackal’s Judgment,,,,,ceylon_harvested,1
A Kaḍambāwa Man’s Journey to Puttalam,,,,,ceylon_harvested,1
The Kaḍambāwa Men and the Bush,,,,,ceylon_harvested,1
The Kaḍambāwa Men and the Dream,,,,,ceylon_harvested,1
The Kaḍambāwa Men and the Hares,,,,,ceylon_harvested,1
The Kaḍambāwa Men and the Mouse-deer,,,,,ceylon_harvested,1
The Kabaragoyā and the Widow,,,,,ceylon_harvested,1
King Gaja-Bāhu and the Crow,,,,,ceylon_harvested,1
The King who became a Thief,,,,,ceylon_harvested,1
The King who learnt the Speech of Animals,,,,,ceylon_harvested,1
The Kinnarā and the Parrots,,,,,ceylon_harvested,1
The Kitul Seeds,,,,,ceylon_harvested,1
The Kulē-bakā Flowers,,,,,ceylon_harvested,1
"Kurulu-gama Appu, the Sooth-sayer",,,,,ceylon_harvested,1
The Lad who Sang Songs,,,,,ceylon_harvested,1
The Learned Poor Man,,,,,ceylon_harvested,1
A Legend of Kandy,,,,,ceylon_harvested,1
The Leopard and the Calf,,,,,ceylon_harvested,1
The Leopard and the Mouse-deer,,,,,ceylon_harvested,1
The Leopard and the Princess,,,,,ceylon_harvested,1
"The Leveret, or the Story of the Seven Women",,,,,ceylon_harvested,1
The Lion and the Bull’s Trust in Him,,,,,ceylon_harvested,1
The Lion and the Jackal,,,,,ceylon_harvested,1
The Lion and the Turtle,,,,,ceylon_harvested,1
The Lizard and the Iguana,,,,,ceylon_harvested,1
The Lizard and the Leopard,,,,,ceylon_harvested,1
The Loss that occurred to the Nobleman’s Daughter,,,,,ceylon_harvested,1
A Louse and a Bug,,,,,ceylon_harvested,1
Mātalānā,,,,,ceylon_harvested,1
Mātalangē Loku-Appu,,,,,ceylon_harvested,1
The Mad King,,,,,ceylon_harvested,1
The Maehiyallē-gama Princess,,,,,ceylon_harvested,1
The Magic Lute Player,,,,,ceylon_harvested,1
The Making of the Great Earth,,,,,ceylon_harvested,1
The Manner in which a Woman prepared a Flour Figure,,,,,ceylon_harvested,1
The Manner in which the Gamarāla buried his Sons,,,,,ceylon_harvested,1
The Margōsa Tree,,,,,ceylon_harvested,1
The Master and Servant,,,,,ceylon_harvested,1
The Millet Trader,,,,,ceylon_harvested,1
"The Monkey and the Beggar, or the Monkey Appusiññō and the Beggar Babāsiññō",,,,,ceylon_harvested,1
The Monkey and the Weaver-bird,,,,,ceylon_harvested,1
The Mouse Maiden,,,,,ceylon_harvested,1
Mr. Janel Siññā,,,,,ceylon_harvested,1
"The Nā, Mī, and Blue-Lotus Flowers’ Princesses",,,,,ceylon_harvested,1
Nagul-Munnā,,,,,ceylon_harvested,1
Nahakoṭā’s Wedding Feast,,,,,ceylon_harvested,1
Napuru Gǣnu Haddenāge Katantaraya,,,,,ceylon_harvested,1
The New Speech,,,,,ceylon_harvested,1
The Nikini Story,,,,,ceylon_harvested,1
Omitted Incidents.,,,,,ceylon_harvested,1
The Parrot and the Crow,,,,,ceylon_harvested,1
The Pied Robin,,,,,ceylon_harvested,1
A Poor Man and a Woman,,,,,ceylon_harvested,1
The Poor Man and the Jewels,,,,,ceylon_harvested,1
The Pots of Oil,,,,,ceylon_harvested,1
The Prince and Princess and Two Dēvatāwās,,,,,ceylon_harvested,1
The Prince and the Ascetics,,,,,ceylon_harvested,1
The Prince and the Minister,,,,,ceylon_harvested,1
The Prince and the Princess,,,,,ceylon_harvested,1
The Prince and the Yakā,,,,,ceylon_harvested,1
Prince Sokkā,,,,,ceylon_harvested,1
The Prince who did not go to School,,,,,ceylon_harvested,1
The Prince who received the Turtle Shell,,,,,ceylon_harvested,1
The Princes who Learnt the Sciences,,,,,ceylon_harvested,1
A Princess and a Prince,,,,,ceylon_harvested,1
The Princess Heṭṭirāla,,,,,ceylon_harvested,1
The Proud Jackal,,,,,ceylon_harvested,1
The Queen and the Beggar,,,,,ceylon_harvested,1
The Queen of the Rock House,,,,,ceylon_harvested,1
Rāja-kumārayakut Kumārikāwak gæna,,,,,ceylon_harvested,1
Rāksayāgeyi Kumārikāwageyi Katantaraya,,,,,ceylon_harvested,1
The Rākshasa-eating Prākshasa,,,,,ceylon_harvested,1
The Raṭēmahatmayā’s Presents,,,,,ceylon_harvested,1
The Roll of Cotton,,,,,ceylon_harvested,1
The Royal Prince and the Carpenter’s Son,,,,,ceylon_harvested,1
The Royal Prince and the Heṭṭirāla,,,,,ceylon_harvested,1
"Sīgiris Siññō, the Giant",,,,,ceylon_harvested,1
The Seven Princesses,,,,,ceylon_harvested,1
The Seven Robbers,,,,,ceylon_harvested,1
SINHALESE TEXTS OF STORIES,,,,,ceylon_harvested,1
The Son and the Mother,,,,,ceylon_harvested,1
The Son who was Blind at Night,,,,,ceylon_harvested,1
The Speaking Horse,,,,,ceylon_harvested,1
The Story about a Giant,,,,,ceylon_harvested,1
A Story about a Vaeddā,,,,,ceylon_harvested,1
The Story of a King and a Prince,,,,,ceylon_harvested,1
The Story of a Siwurāla,,,,,ceylon_harvested,1
The Story of Ayiwandā,,,,,ceylon_harvested,1
The Story of Bahu-Bhūtayā,,,,,ceylon_harvested,1
The Story of Batmasurā,,,,,ceylon_harvested,1
The Story of Goḷu-Bayiyā,,,,,ceylon_harvested,1
The Story of Kaḷundāwa,,,,,ceylon_harvested,1
The Story of King Bamba,,,,,ceylon_harvested,1
The Story of Koṭā,,,,,ceylon_harvested,1
The Story of Mādampē-rāla,,,,,ceylon_harvested,1
The Story of Marirāla,,,,,ceylon_harvested,1
The Story of Senasurā,,,,,ceylon_harvested,1
The Story of Sokkā,,,,,ceylon_harvested,1
The Story of the Ḍabukkā,,,,,ceylon_harvested,1
The Story of the Bitch,,,,,ceylon_harvested,1
The Story of the Brāhmaṇa,,,,,ceylon_harvested,1
The Story of the Brāhmaṇa’s Kitten,,,,,ceylon_harvested,1
The Story of the Cake Tree,,,,,ceylon_harvested,1
The Story of the Cobra and the Prince,,,,,ceylon_harvested,1
The Story of the Cobra’s Bite,,,,,ceylon_harvested,1
The Story of the Elder Sister and Younger Brother,,,,,ceylon_harvested,1
The Story of the Foolish Leopard,,,,,ceylon_harvested,1
The Story of the Four-Fold Trap,,,,,ceylon_harvested,1
The Story of the Four Giants,,,,,ceylon_harvested,1
The Story of the Gamarāla’s Son,,,,,ceylon_harvested,1
The Story of the Gourd,,,,,ceylon_harvested,1
The Story of the King,,,,,ceylon_harvested,1
The Story of the Mango Bird,,,,,ceylon_harvested,1
The Story of the Old Man,,,,,ceylon_harvested,1
The Story of the Pearl Necklace,,,,,ceylon_harvested,1
The Story of the Rākshasa,,,,,ceylon_harvested,1
The Story of the Rākshasa and the Princess,,,,,ceylon_harvested,1
The Story of the Seven Thieves,,,,,ceylon_harvested,1
The Story of the Seven Wicked Women,,,,,ceylon_harvested,1
The Story of the Seven Yakās,,,,,ceylon_harvested,1
The Story of the Shell Snail,,,,,ceylon_harvested,1
The Story of the Two Liars,,,,,ceylon_harvested,1
The Story of the Vīra Tree Fish-Owls,,,,,ceylon_harvested,1
The Story of the Wooden Peacock,,,,,ceylon_harvested,1
The Stupid Boy,,,,,ceylon_harvested,1
"The Sun, the Moon, and Great Paddy",,,,,ceylon_harvested,1
Tamarind Ṭikkā,,,,,ceylon_harvested,1
The Teacher and his Pupil,,,,,ceylon_harvested,1
The Thief and the Rākshasas,,,,,ceylon_harvested,1
The Thief called Haranṭikā,,,,,ceylon_harvested,1
The Three-cornered Hatter,,,,,ceylon_harvested,1
The Three Heṭṭiyās,,,,,ceylon_harvested,1
The Three Questions,,,,,ceylon_harvested,1
The Three Suitors,,,,,ceylon_harvested,1
The Three Truths,,,,,ceylon_harvested,1
The Three Yakās,,,,,ceylon_harvested,1
The Time of Scholars,,,,,ceylon_harvested,1
The Turtle Dove,,,,,ceylon_harvested,1
The Turtle Prince,,,,,ceylon_harvested,1
The Two Thieves,,,,,ceylon_harvested,1
Æwariyakkā,,,,,ceylon_harvested,1
The Washerman and the Leopard,,,,,ceylon_harvested,1
The Wax Horse,,,,,ceylon_harvested,1
The Way in which the Prince traded,,,,,ceylon_harvested,1
The Way the Rākshasī Died,,,,,ceylon_harvested,1
The White Turtle,,,,,ceylon_harvested,1
The Wicked Elder Brother,,,,,ceylon_harvested,1
The Wicked King,,,,,ceylon_harvested,1
The Wicked Princess,,,,,ceylon_harvested,1
The Wicked Step-mother,,,,,ceylon_harvested,1
The Widow Woman and Loku-Appuhāmi,,,,,ceylon_harvested,1
The Wimalī Story,,,,,ceylon_harvested,1
The Woman Pre-eminent in Cunning,,,,,ceylon_harvested,1
The Woman who ate by stealth,,,,,ceylon_harvested,1
The Yakā and the Tom-tom Beater,,,,,ceylon_harvested,1
The Yakā of the Akaraganē Jungle,,,,,ceylon_harvested,1
